,link,appeal,application
0,"https://www.indeed.com/viewjob?jk=21253b6779754609&l=United+States&tk=1dqu4m0jb36q1801&from=ja&alid=5dd28f1ae7d95a189587cfdc&utm_campaign=job_alerts&utm_medium=email&utm_source=jobseeker_emails&rgtk=1dqu4m0jb36q1801
",57,not yet
1,"https://www.indeed.com/viewjob?jk=05517123ad6d7977&l=United+States&tk=1dqu4m0jb36q1801&from=ja&alid=5dd28f1ae7d95a189587cfdc&utm_campaign=job_alerts&utm_medium=email&utm_source=jobseeker_emails&rgtk=1dqu4m0jb36q1801
",27,not yet
2,"https://www.indeed.com/viewjob?jk=3672f6456ae57712&l=United+States&tk=1dqu4m0jb36q1801&from=ja&alid=5dd28f1ae7d95a189587cfdc&utm_campaign=job_alerts&utm_medium=email&utm_source=jobseeker_emails&rgtk=1dqu4m0jb36q1801
",2,not yet
3,"https://www.indeed.com/viewjob?jk=109d904174c9d016&l=United+States&tk=1dqu4m0jb36q1801&from=ja&alid=5dd28f1ae7d95a189587cfdc&utm_campaign=job_alerts&utm_medium=email&utm_source=jobseeker_emails&rgtk=1dqu4m0jb36q1801
",43,not yet
4,"https://www.indeed.com/viewjob?jk=56951762105c62cc&l=United+States&tk=1dqu4m0jb36q1801&from=ja&alid=5dd28f1ae7d95a189587cfdc&utm_campaign=job_alerts&utm_medium=email&utm_source=jobseeker_emails&rgtk=1dqu4m0jb36q1801
",66,not yet
5,"https://www.indeed.com/viewjob?jk=eadf193824c19540&l=United+States&tk=1dqu4m0jb36q1801&from=ja&alid=5dd28f1ae7d95a189587cfdc&utm_campaign=job_alerts&utm_medium=email&utm_source=jobseeker_emails&rgtk=1dqu4m0jb36q1801
",37,not yet
6,"https://www.indeed.com/viewjob?jk=710ed6412c9a42e5&l=United+States&tk=1dqu4m0jb36q1801&from=ja&alid=5dd28f1ae7d95a189587cfdc&utm_campaign=job_alerts&utm_medium=email&utm_source=jobseeker_emails&rgtk=1dqu4m0jb36q1801
",49,not yet
7,"https://www.indeed.com/viewjob?jk=25ee881e3e97cd30&l=United+States&tk=1dqu4m0jb36q1801&from=ja&alid=5dd28f1ae7d95a189587cfdc&utm_campaign=job_alerts&utm_medium=email&utm_source=jobseeker_emails&rgtk=1dqu4m0jb36q1801
",44,not yet
8,"https://www.indeed.com/viewjob?jk=710949f4c5006d1e&l=United+States&tk=1dqu4m0jb36q1801&from=ja&alid=5dd28f1ae7d95a189587cfdc&utm_campaign=job_alerts&utm_medium=email&utm_source=jobseeker_emails&rgtk=1dqu4m0jb36q1801
",63,not yet
9,"https://www.indeed.com/viewjob?jk=b4323d1ec5d72250&l=United+States&tk=1dqu4m0jb36q1801&from=ja&advn=9807762053028126&adid=320399629&sjdu=i6xVERweJM_pVUvgf-Mzud2KHack-wE2Lb7KQz0L0LbzcQMXZwCALUHG5DMruHzM&acatk=1dr19s85bp7q7800&pub=e4ea14867e765046&utm_campaign=job_alerts&utm_medium=email&utm_source=jobseeker_emails
",15,not yet
10,"https://www.indeed.com/viewjob?jk=29578bca83d164d4&l=United+States&tk=1dqu4m0jb36q1801&from=ja&alid=5dd28f1ae7d95a189587cfdc&utm_campaign=job_alerts&utm_medium=email&utm_source=jobseeker_emails&rgtk=1dqu4m0jb36q1801
",52,not yet
11,"https://www.linkedin.com/jobs/view/sr-analyst-fp-a-%E2%80%93-global-manufacturing-supply-chain-at-cardinal-health-1435832415?utm_campaign=google_jobs_apply&utm_source=google_jobs_apply&utm_medium=organic
",78,not yet
12,"https://www.linkedin.com/jobs/view/analyst-senior-fp-a-at-cvs-health-1601289944?utm_campaign=google_jobs_apply&utm_source=google_jobs_apply&utm_medium=organic
",25,not yet
13,"https://www.linkedin.com/comm/jobs/view/1626199321?alertAction=markasviewed&savedSearchAuthToken=1%26AQFqHGLs6PpvwwAAAW64bH7BQyxil2AmQz_5poqkiLHiWussb0bUhHDZpn0FL55g0UuQpa50zTqFfqCinnTce9A_MWbSioMt5Gw1pl-e2cKqtW6l-KDV4pg_hgnkZbdkK_4askle_Ej4UWjJMCuG_tKIDt8nWu_0MREa4PVlXn3xkTXVl7T1sDIIR2EwIOQcT9If3WdYqT6UHyI8sasX_MytxqNz2sZHOkHgMTQuQuY88iwuK1hvZp9Ro2ynTvA0_24QwA5TwPKK2LNfxSeX03gQHqU82APqFx2zZVSsTwlXpkc3I1rXRQ%26AfTLEBkJVAPSARWQXSVWTTFVcbGB&savedSearchId=594131834&refId=f2f95cba-1d7e-4a45-8993-2106e0b8a8c1&trk=eml-job-alert-member-details&midToken=AQHqAZHSwnQLlg&trkEmail=eml-email_job_alert_single_02-null-6-null-null-pbd8v%7Ek3khdrsn%7Et4-null-jobs%7Eview&lipi=urn%3Ali%3Apage%3Aemail_email_job_alert_single_02%3BkC82U5ULQUKAtJ5%2FG2wNUg%3D%3D
",60,not yet
14,"https://www.linkedin.com/comm/jobs/view/1625554722?alertAction=markasviewed&savedSearchAuthToken=1%26AQH2kSH8dfSJfwAAAW64z_TKvkD5DCGtrbVCUHAn5nkPXIrXQtInpoCcAHPVrxDuFK4ZE0rsyP0TbQpRNkZn50HseSL5d0kFlIn4gACsFM5QUWzCrXzlPmZBszAomjsP5a3gomTGe9LX1XmUTx0_z5LdC8IYHVXN9YW1Zu8k-yBCpq4dAsBQFXl2YNCjmAzPIZA312p5iTQjNEZPRIZasOf3VSfT4VzMVEa6XtXGjiYrbr6R-tgn-TCdtVQlKK18NvlGQevlA5gKbHn1U6WLfhR0WRJb328WdOsToxgeDR4FHbHUgTb4Jw%26AQbuKVLHwdq5uTbcBZhFLGSGkvqA&savedSearchId=594262034&refId=6d6002b7-9d39-4bd1-95a6-a086472abdf1&trk=eml-job-alert-member-details&midToken=AQHqAZHSwnQLlg&trkEmail=eml-email_job_alert_single_02-null-6-null-null-pbd8v%7Ek3kl9hg2%7E6z-null-jobs%7Eview&lipi=urn%3Ali%3Apage%3Aemail_email_job_alert_single_02%3BFIg6xg8qTpmp96c41gWSjQ%3D%3D
",75,not yet
15,"https://www.linkedin.com/comm/jobs/view/1622246747?alertAction=markasviewed&savedSearchAuthToken=1%26AQH2kSH8dfSJfwAAAW64z_TKvkD5DCGtrbVCUHAn5nkPXIrXQtInpoCcAHPVrxDuFK4ZE0rsyP0TbQpRNkZn50HseSL5d0kFlIn4gACsFM5QUWzCrXzlPmZBszAomjsP5a3gomTGe9LX1XmUTx0_z5LdC8IYHVXN9YW1Zu8k-yBCpq4dAsBQFXl2YNCjmAzPIZA312p5iTQjNEZPRIZasOf3VSfT4VzMVEa6XtXGjiYrbr6R-tgn-TCdtVQlKK18NvlGQevlA5gKbHn1U6WLfhR0WRJb328WdOsToxgeDR4FHbHUgTb4Jw%26AQbuKVLHwdq5uTbcBZhFLGSGkvqA&savedSearchId=594262034&refId=6d6002b7-9d39-4bd1-95a6-a086472abdf1&trk=eml-job-alert-member-details&midToken=AQHqAZHSwnQLlg&trkEmail=eml-email_job_alert_single_02-null-12-null-null-pbd8v%7Ek3kl9hg2%7E6z-null-jobs%7Eview&lipi=urn%3Ali%3Apage%3Aemail_email_job_alert_single_02%3BFIg6xg8qTpmp96c41gWSjQ%3D%3D
",87,not yet
16,"https://www.linkedin.com/comm/jobs/view/1580526502?alertAction=markasviewed&savedSearchAuthToken=1%26AQHJTfHCdkA87AAAAW65TG5CXPZxacyXKJwvaDz0xDG4-gnOpCyeFc4tSuNiKctEGiUjDncbYlVJRt6Eulbfg1nBbcZ5iyvsgprRh5FA0s7gcZmyRnhhcoToSwV93cIg9wu9Tyn_y7Irb8_Ax3p0BL7tuDzehOGTf5lwT5CksD4-Sm_udia4fMG6Z5H3-9Qj3oaN9jZeWOf0VLQ5CS_knUAHUoPe3nh15f7UasdTrwIZoVbM3KhxGNn6-WdowjubzUEUoXjwSjZGNuz5KiZ4kQZ_B7M1tsYNzeIrkcBskd-lkZEENypsEg%26AYhZRNXQGyks17CMUfv8OzT7rGNU&savedSearchId=594424774&refId=ef71acb5-49f0-452c-b221-b3674ef8f7f6&trk=eml-job-alert-member-details&midToken=AQHqAZHSwnQLlg&trkEmail=eml-email_job_alert_single_02-null-7-null-null-pbd8v%7Ek3kq4bql%7E5h-null-jobs%7Eview&lipi=urn%3Ali%3Apage%3Aemail_email_job_alert_single_02%3BISJddRE8Rle6niPOFijY1A%3D%3D
",97,not yet
17,"https://www.indeed.com/viewjob?jk=dddae86be25cd8a2&l=United+States&tk=1dqu4m0jb36q1801&from=ja&alid=5dd28f1ae7d95a189587cfdc&utm_campaign=job_alerts&utm_medium=email&utm_source=jobseeker_emails&rgtk=1dqu4m0jb36q1801
",60,not yet
18,"https://www.glassdoor.com/job-listing/fpa-analyst-bae-systems-JV_IC1154532_KO0,11_KE12,23.htm?jl=3402437829&utm_campaign=google_jobs_apply&utm_source=google_jobs_apply&utm_medium=organic",71,not yet
